protocol,instance,level,endpoint,test_mols,test_in_train,test_in_cal
random,0,L1,hERG,129,29,7
random,0,L1,AMES,1492,55,10
random,0,L1,BBB_Martins,384,29,2
random,0,L1,Pgp_Broccatelli,252,17,1
random,0,L1,CYP2C9_Veith,2431,58,9
random,0,L1,CYP2D6_Veith,2617,56,6
random,0,L1,CYP3A4_Veith,2497,52,6
random,0,L1,Bioavailability_Ma,126,20,0
random,0,L2,hERG,129,54,16
random,0,L2,AMES,1492,217,44
random,0,L2,BBB_Martins,384,79,22
random,0,L2,Pgp_Broccatelli,252,66,15
random,0,L2,CYP2C9_Veith,2431,171,28
random,0,L2,CYP2D6_Veith,2617,164,22
random,0,L2,CYP3A4_Veith,2497,152,22
random,0,L2,Bioavailability_Ma,126,54,11
random,1,L1,hERG,137,33,3
random,1,L1,AMES,1454,62,7
random,1,L1,BBB_Martins,390,22,5
random,1,L1,Pgp_Broccatelli,259,14,2
random,1,L1,CYP2C9_Veith,2407,42,3
random,1,L1,CYP2D6_Veith,2592,41,1
random,1,L1,CYP3A4_Veith,2465,41,3
random,1,L1,Bioavailability_Ma,134,20,3
random,1,L2,hERG,137,50,7
random,1,L2,AMES,1454,213,29
random,1,L2,BBB_Martins,390,80,9
random,1,L2,Pgp_Broccatelli,259,72,13
random,1,L2,CYP2C9_Veith,2407,165,32
random,1,L2,CYP2D6_Veith,2592,164,27
random,1,L2,CYP3A4_Veith,2465,148,32
random,1,L2,Bioavailability_Ma,134,55,5
random,2,L1,hERG,127,25,4
random,2,L1,AMES,1441,49,10
random,2,L1,BBB_Martins,381,28,4
random,2,L1,Pgp_Broccatelli,246,18,4
random,2,L1,CYP2C9_Veith,2441,48,13
random,2,L1,CYP2D6_Veith,2671,46,14
random,2,L1,CYP3A4_Veith,2507,46,14
random,2,L1,Bioavailability_Ma,116,25,3
random,2,L2,hERG,127,45,9
random,2,L2,AMES,1441,196,44
random,2,L2,BBB_Martins,381,59,21
random,2,L2,Pgp_Broccatelli,246,62,19
random,2,L2,CYP2C9_Veith,2441,147,40
random,2,L2,CYP2D6_Veith,2671,146,38
random,2,L2,CYP3A4_Veith,2507,134,36
random,2,L2,Bioavailability_Ma,116,44,15
random,3,L1,hERG,126,30,3
random,3,L1,AMES,1458,50,17
random,3,L1,BBB_Martins,403,27,7
random,3,L1,Pgp_Broccatelli,243,18,3
random,3,L1,CYP2C9_Veith,2411,46,10
random,3,L1,CYP2D6_Veith,2581,40,7
random,3,L1,CYP3A4_Veith,2466,33,7
random,3,L1,Bioavailability_Ma,126,31,4
random,3,L2,hERG,126,57,10
random,3,L2,AMES,1458,215,50
random,3,L2,BBB_Martins,403,87,23
random,3,L2,Pgp_Broccatelli,243,62,8
random,3,L2,CYP2C9_Veith,2411,150,33
random,3,L2,CYP2D6_Veith,2581,147,25
random,3,L2,CYP3A4_Veith,2466,125,26
random,3,L2,Bioavailability_Ma,126,67,17
random,4,L1,hERG,127,31,4
random,4,L1,AMES,1466,48,7
random,4,L1,BBB_Martins,411,31,7
random,4,L1,Pgp_Broccatelli,249,17,3
random,4,L1,CYP2C9_Veith,2377,50,5
random,4,L1,CYP2D6_Veith,2621,52,8
random,4,L1,CYP3A4_Veith,2452,47,6
random,4,L1,Bioavailability_Ma,123,24,5
random,4,L2,hERG,127,52,9
random,4,L2,AMES,1466,197,41
random,4,L2,BBB_Martins,411,92,24
random,4,L2,Pgp_Broccatelli,249,58,9
random,4,L2,CYP2C9_Veith,2377,160,23
random,4,L2,CYP2D6_Veith,2621,157,26
random,4,L2,CYP3A4_Veith,2452,147,21
random,4,L2,Bioavailability_Ma,123,57,14
scaffold,0,L1,hERG,138,9,6
scaffold,0,L1,AMES,2361,26,3
scaffold,0,L1,BBB_Martins,472,5,2
scaffold,0,L1,Pgp_Broccatelli,236,8,0
scaffold,0,L1,CYP2C9_Veith,2705,9,0
scaffold,0,L1,CYP2D6_Veith,2928,7,0
scaffold,0,L1,CYP3A4_Veith,2765,10,0
scaffold,0,L1,Bioavailability_Ma,149,7,0
scaffold,0,L2,hERG,138,15,8
scaffold,0,L2,AMES,2361,34,6
scaffold,0,L2,BBB_Martins,472,17,2
scaffold,0,L2,Pgp_Broccatelli,236,14,0
scaffold,0,L2,CYP2C9_Veith,2705,19,0
scaffold,0,L2,CYP2D6_Veith,2928,16,0
scaffold,0,L2,CYP3A4_Veith,2765,19,0
scaffold,0,L2,Bioavailability_Ma,149,15,0
scaffold,1,L1,hERG,141,20,2
scaffold,1,L1,AMES,2179,23,3
scaffold,1,L1,BBB_Martins,447,13,1
scaffold,1,L1,Pgp_Broccatelli,226,7,0
scaffold,1,L1,CYP2C9_Veith,2423,14,2
scaffold,1,L1,CYP2D6_Veith,2559,15,2
scaffold,1,L1,CYP3A4_Veith,2489,16,1
scaffold,1,L1,Bioavailability_Ma,129,9,0
scaffold,1,L2,hERG,141,21,3
scaffold,1,L2,AMES,2179,32,10
scaffold,1,L2,BBB_Martins,447,18,1
scaffold,1,L2,Pgp_Broccatelli,226,11,0
scaffold,1,L2,CYP2C9_Veith,2423,16,2
scaffold,1,L2,CYP2D6_Veith,2559,19,2
scaffold,1,L2,CYP3A4_Veith,2489,20,1
scaffold,1,L2,Bioavailability_Ma,129,13,0
scaffold,2,L1,hERG,114,18,2
scaffold,2,L1,AMES,1007,16,5
scaffold,2,L1,BBB_Martins,379,12,3
scaffold,2,L1,Pgp_Broccatelli,199,3,3
scaffold,2,L1,CYP2C9_Veith,2354,17,2
scaffold,2,L1,CYP2D6_Veith,2554,17,2
scaffold,2,L1,CYP3A4_Veith,2382,13,3
scaffold,2,L1,Bioavailability_Ma,124,8,2
scaffold,2,L2,hERG,114,26,2
scaffold,2,L2,AMES,1007,18,6
scaffold,2,L2,BBB_Martins,379,18,5
scaffold,2,L2,Pgp_Broccatelli,199,8,4
scaffold,2,L2,CYP2C9_Veith,2354,20,3
scaffold,2,L2,CYP2D6_Veith,2554,19,4
scaffold,2,L2,CYP3A4_Veith,2382,16,3
scaffold,2,L2,Bioavailability_Ma,124,11,3
scaffold,3,L1,hERG,116,10,0
scaffold,3,L1,AMES,1084,19,1
scaffold,3,L1,BBB_Martins,299,8,4
scaffold,3,L1,Pgp_Broccatelli,226,2,0
scaffold,3,L1,CYP2C9_Veith,2279,9,1
scaffold,3,L1,CYP2D6_Veith,2510,12,3
scaffold,3,L1,CYP3A4_Veith,2376,10,3
scaffold,3,L1,Bioavailability_Ma,108,4,1
scaffold,3,L2,hERG,116,14,3
scaffold,3,L2,AMES,1084,30,2
scaffold,3,L2,BBB_Martins,299,16,6
scaffold,3,L2,Pgp_Broccatelli,226,3,0
scaffold,3,L2,CYP2C9_Veith,2279,17,1
scaffold,3,L2,CYP2D6_Veith,2510,22,4
scaffold,3,L2,CYP3A4_Veith,2376,20,4
scaffold,3,L2,Bioavailability_Ma,108,10,2
scaffold,4,L1,hERG,122,6,1
scaffold,4,L1,AMES,754,22,4
scaffold,4,L1,BBB_Martins,430,9,0
scaffold,4,L1,Pgp_Broccatelli,296,8,0
scaffold,4,L1,CYP2C9_Veith,2234,12,1
scaffold,4,L1,CYP2D6_Veith,2392,14,0
scaffold,4,L1,CYP3A4_Veith,2252,11,1
scaffold,4,L1,Bioavailability_Ma,110,8,0
scaffold,4,L2,hERG,122,11,1
scaffold,4,L2,AMES,754,36,5
scaffold,4,L2,BBB_Martins,430,14,0
scaffold,4,L2,Pgp_Broccatelli,296,10,0
scaffold,4,L2,CYP2C9_Veith,2234,15,3
scaffold,4,L2,CYP2D6_Veith,2392,16,2
scaffold,4,L2,CYP3A4_Veith,2252,14,3
scaffold,4,L2,Bioavailability_Ma,110,12,0
